metric,value
largest_abs_between_group_allocation_difference,0.01334
largest_abs_allocation_component,0.000617
largest_abs_pairwise_standardization_shift,0.000712
observed_sign_changes,1
observed_interval_conclusion_changes,1
pairwise_gamma_tests_significant_fdr,24
pairwise_gamma_tests_total,56
largest_abs_gamma_difference,0.04223
public_score_pearson_r,0.999999995
public_score_rmse,0.00003549
public_score_within_0_001,0.999834918
sign_disagreement_n50,0.0489
sign_disagreement_n100,0.0386
sign_disagreement_n250,0.0286
sign_disagreement_n500,0.0212
sign_disagreement_n1000,0.0151
interval_disagreement_n50,0.0198
interval_disagreement_n100,0.0185
interval_disagreement_n250,0.0203
interval_disagreement_n500,0.0210
interval_disagreement_n1000,0.0203
rmse_pooled_n50,0.05202
rmse_standardized_n50,0.05239
rmse_pooled_n100,0.03705
rmse_standardized_n100,0.03710
rmse_pooled_n250,0.02332
rmse_standardized_n250,0.02327
rmse_pooled_n500,0.01649
rmse_standardized_n500,0.01645
rmse_pooled_n1000,0.01171
rmse_standardized_n1000,0.01167
