dataset,score,definition,screening_rule,validation_status,n,n_congruent_first,n_incongruent_first,p_congruent_first,m_congruent_first,m_incongruent_first,beta,beta_ci_low,beta_ci_high,gamma,gamma_ci_low,gamma_ci_high,pooled,interval_type
Gender-Science,D_public_reconstructed,"recorded latencies, <=10000 ms, no second 600 ms penalty, screened",applied from trial data: >10% of critical trials < 300 ms,no supplied participant-score file available,131869,66394,65475,0.5034845187269184,0.38190606724461423,0.22679279899302707,0.3043494331188207,0.30216151434342425,0.3065373518942171,0.07755663412579358,0.07536871535039719,0.07974455290118998,0.30488992820683686,analytic
Gender-Science,D_modified,"manuscript modified score, 300-10000 ms window",applied from trial data: >10% of critical trials < 300 ms,n/a,133460,67274,66186,0.5040761276787052,0.3804998844535011,0.22614052432869367,0.30332020439109736,0.30113425860358406,0.30550615017861066,0.07717968006240371,0.07499373427489041,0.07936562584991701,0.30394939285136935,analytic
Gender-Science,D_double_penalty_diagnostic,DIAGNOSTIC ONLY: adds 600 ms again to already-corrected error latencies,applied from trial data: >10% of critical trials < 300 ms,n/a,131869,66394,65475,0.5034845187269184,0.4202725581637666,0.2255454520270675,0.32290900509541703,0.32060920889489214,0.32520880129594193,0.09736355306834954,0.09506375686782466,0.09966334926887442,0.32358753534338897,analytic
Gender-Science,logrt_contrast,"correct-trial mean log RT, incongruent minus congruent",applied from trial data: >10% of critical trials < 300 ms,n/a,133460,67274,66186,0.5040761276787052,0.16590827574259906,0.10817728432592409,0.13704278003426157,0.13601721908611716,0.13806834098240597,0.028865495708337484,0.02783993476019307,0.0298910566564819,0.13727809892629417,analytic
Gender-Science,err_contrast,"error rate, incongruent minus congruent",applied from trial data: >10% of critical trials < 300 ms,n/a,133460,67274,66186,0.5040761276787052,0.05384440723128462,0.008553096053892331,0.031198751642588476,0.03077512979463501,0.03162237349054194,0.022645655588696145,0.022222033740742678,0.02306927743664961,0.03138336480968349,analytic
Age,D_public_reconstructed,"recorded latencies, <=10000 ms, no second 600 ms penalty, screened",applied from participant-file pct_300 (sub-300 ms trials removed upstream from the standardized parquet),exact agreement with supplied D_biep (see d600_vs_supplied_age.csv),133964,67798,66166,0.5060911886775552,0.4770999715201675,0.41007227010639574,0.44358612081328164,0.4416000797020811,0.4455721619244822,0.03351385070688587,0.031527809595685345,0.03549989181808639,0.4439943991892158,analytic
Age,D_modified,"manuscript modified score, 300-10000 ms window",applied from participant-file pct_300 (sub-300 ms trials removed upstream from the standardized parquet),n/a,147296,74347,72949,0.5047455463827938,0.4694487000501336,0.4045874196642963,0.437018059857215,0.43511896275950646,0.4389171569549235,0.032430640192918664,0.030531543095210154,0.034329737290627174,0.4373258620717333,analytic
Age,D_double_penalty_diagnostic,DIAGNOSTIC ONLY: adds 600 ms again to already-corrected error latencies,applied from participant-file pct_300 (sub-300 ms trials removed upstream from the standardized parquet),n/a,147296,74347,72949,0.5047455463827938,0.5087386870546453,0.4055169926613305,0.4571278398579879,0.4551295630737939,0.4591261166421819,0.0516108471966574,0.04961257041246339,0.05360912398085141,0.45761768319644197,analytic
Age,logrt_contrast,"correct-trial mean log RT, incongruent minus congruent",applied from participant-file pct_300 (sub-300 ms trials removed upstream from the standardized parquet),n/a,147296,74347,72949,0.5047455463827938,0.19949268137971926,0.19190658414249798,0.19569963276110863,0.19472602006913703,0.19667324545308024,0.003793048618610642,0.002819435926639047,0.004766661310582237,0.1957356329374122,analytic
Age,err_contrast,"error rate, incongruent minus congruent",applied from participant-file pct_300 (sub-300 ms trials removed upstream from the standardized parquet),n/a,147296,74347,72949,0.5047455463827938,0.06691272210485599,0.01874462094229899,0.04282867152357749,0.042443366719667745,0.04321397632748724,0.0240840505812785,0.023698745777368753,0.024469355385188248,0.0430572554818155,analytic
