dataset,measure,n,mean,ci_low,ci_high,sd,d,mean_cong_first,mean_incong_first,order_diff,n_cong_first,n_incong_first
Gender-Science,log-latency pairing contrast,133460,0.13727809892629417,0.13623988790431832,0.13836141844108563,0.1933512847445043,0.7099932079980456,0.16590827574259903,0.1081772843259241,0.057730991416674926,67274.0,66186.0
Gender-Science,log-latency position contrast,133460,0.02998270344606619,0.028669215281111306,0.031247748021768537,0.23522578030872598,0.1274635093428743,0.16590827574259903,-0.1081772843259241,0.27408556006852314,67274.0,66186.0
Gender-Science,error-rate pairing contrast,133460,0.03138336480968349,0.03090316777441506,0.031817672331811694,0.08219549212908887,0.38181369801151127,0.05384440723128461,0.00855309605389233,0.04529131117739228,67274.0,66186.0
Gender-Science,error-rate position contrast,133460,0.022899995778918953,0.022406575337345087,0.023324323956734106,0.08495062187522527,0.2695683124315943,0.05384440723128461,-0.00855309605389233,0.062397503285176945,67274.0,66186.0
Gender-Science,conventional D score,133460,0.30394939285136935,0.3017319820070001,0.30625648252566073,0.41458354306483464,0.7331438932775878,0.3804998844535011,0.22614052432869367,0.15435936012480742,67274.0,66186.0
Gender-Science,identity max |P - sign*C|,133460,0.0,,,,,,,,,
Age,log-latency pairing contrast,147296,0.1957356329374122,0.19472697025096544,0.19667299427463025,0.19077666368674506,1.0259935840937535,0.19949268137971926,0.19190658414249798,0.007586097237221284,74347.0,72949.0
Age,log-latency position contrast,147296,0.0056504519873377635,0.004220077779349212,0.007064341688758533,0.2732700234041063,0.02067717460170151,0.19949268137971926,-0.19190658414249798,0.39139926552221727,74347.0,72949.0
Age,error-rate pairing contrast,147296,0.0430572554818155,0.04265507125967493,0.04346537141787312,0.07930484734652828,0.5429334639996684,0.06691272210485599,0.01874462094229899,0.048168101162557,74347.0,72949.0
Age,error-rate position contrast,147296,0.024490541475735657,0.02407319154909114,0.024901786808122727,0.08685279474484267,0.28197758687770846,0.06691272210485599,-0.01874462094229899,0.08565734304715499,74347.0,72949.0
Age,conventional D score,147296,0.4373258620717333,0.43539195891726,0.4392674318650964,0.3732944226433635,1.1715306619770849,0.4694487000501335,0.40458741966429623,0.06486128038583727,74347.0,72949.0
Age,identity max |P - sign*C|,147296,0.0,,,,,,,,,
